step,function,address
0,__cxa_get_globals,0x0000df34
1,__cxa_get_globals,0x0000df36
2,__cxa_throw,0x0000e618
3,__cxa_throw,0x0000e61a
4,__cxa_throw,0x0000e61c
5,__cxa_throw,0x0000e61e
6,__cxa_throw,0x0000e620
7,__cxa_throw,0x0000e622
8,__cxa_throw,0x0000e624
9,__cxa_init_primary_exception,0x0000e5c8
10,__cxa_init_primary_exception,0x0000e5ca
11,__cxa_init_primary_exception,0x0000e5cc
12,__cxa_init_primary_exception,0x0000e5d0
13,__cxa_init_primary_exception,0x0000e5d4
14,__cxa_init_primary_exception,0x0000e5d6
15,std::get_unexpected(),0x0000e574
16,std::get_unexpected(),0x0000e576
17,std::get_unexpected(),0x0000e578
18,std::get_unexpected(),0x0000e57c
19,__cxa_init_primary_exception,0x0000e5da
20,__cxa_init_primary_exception,0x0000e5de
21,std::get_terminate(),0x0000e564
22,std::get_terminate(),0x0000e566
23,std::get_terminate(),0x0000e568
24,std::get_terminate(),0x0000e56c
25,__cxa_init_primary_exception,0x0000e5e2
26,__cxa_init_primary_exception,0x0000e5e4
27,__cxa_init_primary_exception,0x0000e5e6
28,__cxa_init_primary_exception,0x0000e5e8
29,__cxa_init_primary_exception,0x0000e5ec
30,__cxa_init_primary_exception,0x0000e5f0
31,__cxa_init_primary_exception,0x0000e5f4
32,__cxa_init_primary_exception,0x0000e5f8
33,__cxa_init_primary_exception,0x0000e5fc
34,__cxa_throw,0x0000e628
35,__cxa_throw,0x0000e62a
36,__cxa_throw,0x0000e62c
37,__cxa_throw,0x0000e630
38,__cxa_throw,0x0000e632
39,___Unwind_RaiseException,0x0000f2e0
40,___Unwind_RaiseException,0x0000f2e2
41,___Unwind_RaiseException,0x0000f2e4
42,___Unwind_RaiseException,0x0000f2e8
43,___Unwind_RaiseException,0x0000f2ec
44,___Unwind_RaiseException,0x0000f2f0
45,___Unwind_RaiseException,0x0000f2f4
46,___Unwind_RaiseException,0x0000f2f6
47,__gnu_Unwind_RaiseException,0x0000eaa4
48,__gnu_Unwind_RaiseException,0x0000eaa6
49,__gnu_Unwind_RaiseException,0x0000eaa8
50,__gnu_Unwind_RaiseException,0x0000eaaa
51,__gnu_Unwind_RaiseException,0x0000eaae
52,__gnu_Unwind_RaiseException,0x0000eab0
53,__gnu_Unwind_RaiseException,0x0000eab2
54,__gnu_Unwind_RaiseException,0x0000eab6
55,__gnu_Unwind_RaiseException,0x0000eab8
56,__gnu_Unwind_RaiseException,0x0000eaba
57,__gnu_Unwind_RaiseException,0x0000eabc
58,__gnu_Unwind_RaiseException,0x0000eac0
59,__gnu_Unwind_RaiseException,0x0000eac2
60,__gnu_Unwind_RaiseException,0x0000eac6
61,__gnu_Unwind_RaiseException,0x0000eac8
62,__gnu_Unwind_RaiseException,0x0000eacc
63,__gnu_Unwind_RaiseException,0x0000ead0
64,__gnu_Unwind_RaiseException,0x0000ead4
65,__gnu_Unwind_RaiseException,0x0000ead6
66,__gnu_Unwind_RaiseException,0x0000eae6
67,__gnu_Unwind_RaiseException,0x0000eae8
68,__gnu_Unwind_RaiseException,0x0000eaea
69,get_eit_entry,0x0000e89c
70,get_eit_entry,0x0000e89e
71,get_eit_entry,0x0000e8a0
72,get_eit_entry,0x0000e8a2
73,get_eit_entry,0x0000e8a4
74,get_eit_entry,0x0000e8a6
75,get_eit_entry,0x0000e8f0
76,get_eit_entry,0x0000e8f2
77,get_eit_entry,0x0000e8f4
78,get_eit_entry,0x0000e8f6
79,get_eit_entry,0x0000e8f8
80,get_eit_entry,0x0000e8fa
81,get_eit_entry,0x0000e8fc
82,get_eit_entry,0x0000e8b4
83,get_eit_entry,0x0000e8b6
84,search_EIT_table,0x0000e810
85,search_EIT_table,0x0000e814
86,search_EIT_table,0x0000e816
87,search_EIT_table,0x0000e818
88,search_EIT_table,0x0000e81a
89,search_EIT_table,0x0000e81c
90,search_EIT_table,0x0000e81e
91,search_EIT_table,0x0000e822
92,search_EIT_table,0x0000e826
93,search_EIT_table,0x0000e82a
94,search_EIT_table,0x0000e82c
95,search_EIT_table,0x0000e830
96,search_EIT_table,0x0000e832
97,selfrel_offset31,0x0000e7fc
98,selfrel_offset31,0x0000e7fe
99,selfrel_offset31,0x0000e800
100,selfrel_offset31,0x0000e802
101,selfrel_offset31,0x0000e806
102,selfrel_offset31,0x0000e80a
103,selfrel_offset31,0x0000e80c
104,search_EIT_table,0x0000e836
105,search_EIT_table,0x0000e838
106,search_EIT_table,0x0000e83a
107,search_EIT_table,0x0000e83e
108,search_EIT_table,0x0000e840
109,search_EIT_table,0x0000e842
110,search_EIT_table,0x0000e844
111,search_EIT_table,0x0000e846
112,search_EIT_table,0x0000e848
113,selfrel_offset31,0x0000e7fc
114,selfrel_offset31,0x0000e7fe
115,selfrel_offset31,0x0000e800
116,selfrel_offset31,0x0000e802
117,selfrel_offset31,0x0000e806
118,selfrel_offset31,0x0000e80a
119,selfrel_offset31,0x0000e80c
120,search_EIT_table,0x0000e84c
121,search_EIT_table,0x0000e84e
122,search_EIT_table,0x0000e850
123,search_EIT_table,0x0000e852
124,search_EIT_table,0x0000e856
125,search_EIT_table,0x0000e822
126,search_EIT_table,0x0000e826
127,search_EIT_table,0x0000e82a
128,search_EIT_table,0x0000e82c
129,search_EIT_table,0x0000e830
130,search_EIT_table,0x0000e832
131,selfrel_offset31,0x0000e7fc
132,selfrel_offset31,0x0000e7fe
133,selfrel_offset31,0x0000e800
134,selfrel_offset31,0x0000e802
135,selfrel_offset31,0x0000e806
136,selfrel_offset31,0x0000e80a
137,selfrel_offset31,0x0000e80c
138,search_EIT_table,0x0000e836
139,search_EIT_table,0x0000e838
140,search_EIT_table,0x0000e83a
141,search_EIT_table,0x0000e83e
142,search_EIT_table,0x0000e840
143,search_EIT_table,0x0000e842
144,search_EIT_table,0x0000e844
145,search_EIT_table,0x0000e846
146,search_EIT_table,0x0000e848
147,selfrel_offset31,0x0000e7fc
148,selfrel_offset31,0x0000e7fe
149,selfrel_offset31,0x0000e800
150,selfrel_offset31,0x0000e802
151,selfrel_offset31,0x0000e806
152,selfrel_offset31,0x0000e80a
153,selfrel_offset31,0x0000e80c
154,search_EIT_table,0x0000e84c
155,search_EIT_table,0x0000e84e
156,search_EIT_table,0x0000e850
157,search_EIT_table,0x0000e852
158,search_EIT_table,0x0000e856
159,search_EIT_table,0x0000e822
160,search_EIT_table,0x0000e826
161,search_EIT_table,0x0000e82a
162,search_EIT_table,0x0000e82c
163,search_EIT_table,0x0000e830
164,search_EIT_table,0x0000e832
165,selfrel_offset31,0x0000e7fc
166,selfrel_offset31,0x0000e7fe
167,selfrel_offset31,0x0000e800
168,selfrel_offset31,0x0000e802
169,selfrel_offset31,0x0000e806
170,selfrel_offset31,0x0000e80a
171,selfrel_offset31,0x0000e80c
172,search_EIT_table,0x0000e836
173,search_EIT_table,0x0000e838
174,search_EIT_table,0x0000e83a
175,search_EIT_table,0x0000e83e
176,search_EIT_table,0x0000e840
177,search_EIT_table,0x0000e842
178,search_EIT_table,0x0000e844
179,search_EIT_table,0x0000e846
180,search_EIT_table,0x0000e848
181,selfrel_offset31,0x0000e7fc
182,selfrel_offset31,0x0000e7fe
183,selfrel_offset31,0x0000e800
184,selfrel_offset31,0x0000e802
185,selfrel_offset31,0x0000e806
186,selfrel_offset31,0x0000e80a
187,selfrel_offset31,0x0000e80c
188,search_EIT_table,0x0000e84c
189,search_EIT_table,0x0000e84e
190,search_EIT_table,0x0000e850
191,search_EIT_table,0x0000e852
192,search_EIT_table,0x0000e856
193,search_EIT_table,0x0000e822
194,search_EIT_table,0x0000e826
195,search_EIT_table,0x0000e82a
196,search_EIT_table,0x0000e82c
197,search_EIT_table,0x0000e830
198,search_EIT_table,0x0000e832
199,selfrel_offset31,0x0000e7fc
200,selfrel_offset31,0x0000e7fe
201,selfrel_offset31,0x0000e800
202,selfrel_offset31,0x0000e802
203,selfrel_offset31,0x0000e806
204,selfrel_offset31,0x0000e80a
205,selfrel_offset31,0x0000e80c
206,search_EIT_table,0x0000e836
207,search_EIT_table,0x0000e838
208,search_EIT_table,0x0000e83a
209,search_EIT_table,0x0000e83e
210,search_EIT_table,0x0000e840
211,search_EIT_table,0x0000e842
212,search_EIT_table,0x0000e844
213,search_EIT_table,0x0000e846
214,search_EIT_table,0x0000e848
215,selfrel_offset31,0x0000e7fc
216,selfrel_offset31,0x0000e7fe
217,selfrel_offset31,0x0000e800
218,selfrel_offset31,0x0000e802
219,selfrel_offset31,0x0000e806
220,selfrel_offset31,0x0000e80a
221,selfrel_offset31,0x0000e80c
222,search_EIT_table,0x0000e84c
223,search_EIT_table,0x0000e84e
224,search_EIT_table,0x0000e850
225,search_EIT_table,0x0000e852
226,search_EIT_table,0x0000e856
227,search_EIT_table,0x0000e822
228,search_EIT_table,0x0000e826
229,search_EIT_table,0x0000e82a
230,search_EIT_table,0x0000e82c
231,search_EIT_table,0x0000e830
232,search_EIT_table,0x0000e832
233,selfrel_offset31,0x0000e7fc
234,selfrel_offset31,0x0000e7fe
235,selfrel_offset31,0x0000e800
236,selfrel_offset31,0x0000e802
237,selfrel_offset31,0x0000e806
238,selfrel_offset31,0x0000e80a
239,selfrel_offset31,0x0000e80c
240,search_EIT_table,0x0000e836
241,search_EIT_table,0x0000e838
242,search_EIT_table,0x0000e83a
243,search_EIT_table,0x0000e83e
244,search_EIT_table,0x0000e840
245,search_EIT_table,0x0000e842
246,search_EIT_table,0x0000e844
247,search_EIT_table,0x0000e846
248,search_EIT_table,0x0000e858
249,search_EIT_table,0x0000e85a
250,search_EIT_table,0x0000e85c
251,search_EIT_table,0x0000e85e
252,search_EIT_table,0x0000e822
253,search_EIT_table,0x0000e826
254,search_EIT_table,0x0000e82a
255,search_EIT_table,0x0000e82c
256,search_EIT_table,0x0000e830
257,search_EIT_table,0x0000e832
258,selfrel_offset31,0x0000e7fc
259,selfrel_offset31,0x0000e7fe
260,selfrel_offset31,0x0000e800
261,selfrel_offset31,0x0000e802
262,selfrel_offset31,0x0000e806
263,selfrel_offset31,0x0000e80a
264,selfrel_offset31,0x0000e80c
265,search_EIT_table,0x0000e836
266,search_EIT_table,0x0000e838
267,search_EIT_table,0x0000e83a
268,search_EIT_table,0x0000e83e
269,search_EIT_table,0x0000e840
270,search_EIT_table,0x0000e842
271,search_EIT_table,0x0000e844
272,search_EIT_table,0x0000e846
273,search_EIT_table,0x0000e848
274,selfrel_offset31,0x0000e7fc
275,selfrel_offset31,0x0000e7fe
276,selfrel_offset31,0x0000e800
277,selfrel_offset31,0x0000e802
278,selfrel_offset31,0x0000e806
279,selfrel_offset31,0x0000e80a
280,selfrel_offset31,0x0000e80c
281,search_EIT_table,0x0000e84c
282,search_EIT_table,0x0000e84e
283,search_EIT_table,0x0000e850
284,search_EIT_table,0x0000e852
285,search_EIT_table,0x0000e856
286,search_EIT_table,0x0000e822
287,search_EIT_table,0x0000e826
288,search_EIT_table,0x0000e82a
289,search_EIT_table,0x0000e82c
290,search_EIT_table,0x0000e830
291,search_EIT_table,0x0000e832
292,selfrel_offset31,0x0000e7fc
293,selfrel_offset31,0x0000e7fe
294,selfrel_offset31,0x0000e800
295,selfrel_offset31,0x0000e802
296,selfrel_offset31,0x0000e806
297,selfrel_offset31,0x0000e80a
298,selfrel_offset31,0x0000e80c
299,search_EIT_table,0x0000e836
300,search_EIT_table,0x0000e838
301,search_EIT_table,0x0000e83a
302,search_EIT_table,0x0000e83e
303,search_EIT_table,0x0000e840
304,search_EIT_table,0x0000e842
305,search_EIT_table,0x0000e844
306,search_EIT_table,0x0000e846
307,search_EIT_table,0x0000e858
308,search_EIT_table,0x0000e85a
309,search_EIT_table,0x0000e85c
310,search_EIT_table,0x0000e85e
311,search_EIT_table,0x0000e822
312,search_EIT_table,0x0000e826
313,search_EIT_table,0x0000e82a
314,search_EIT_table,0x0000e82c
315,search_EIT_table,0x0000e830
316,search_EIT_table,0x0000e832
317,selfrel_offset31,0x0000e7fc
318,selfrel_offset31,0x0000e7fe
319,selfrel_offset31,0x0000e800
320,selfrel_offset31,0x0000e802
321,selfrel_offset31,0x0000e806
322,selfrel_offset31,0x0000e80a
323,selfrel_offset31,0x0000e80c
324,search_EIT_table,0x0000e836
325,search_EIT_table,0x0000e838
326,search_EIT_table,0x0000e83a
327,search_EIT_table,0x0000e83e
328,search_EIT_table,0x0000e840
329,search_EIT_table,0x0000e842
330,search_EIT_table,0x0000e844
331,search_EIT_table,0x0000e846
332,search_EIT_table,0x0000e848
333,selfrel_offset31,0x0000e7fc
334,selfrel_offset31,0x0000e7fe
335,selfrel_offset31,0x0000e800
336,selfrel_offset31,0x0000e802
337,selfrel_offset31,0x0000e806
338,selfrel_offset31,0x0000e80a
339,selfrel_offset31,0x0000e80c
340,search_EIT_table,0x0000e84c
341,search_EIT_table,0x0000e84e
342,search_EIT_table,0x0000e850
343,search_EIT_table,0x0000e864
344,search_EIT_table,0x0000e866
345,get_eit_entry,0x0000e8ba
346,get_eit_entry,0x0000e8bc
347,get_eit_entry,0x0000e8be
348,selfrel_offset31,0x0000e7fc
349,selfrel_offset31,0x0000e7fe
350,selfrel_offset31,0x0000e800
351,selfrel_offset31,0x0000e802
352,selfrel_offset31,0x0000e806
353,selfrel_offset31,0x0000e80a
354,selfrel_offset31,0x0000e80c
355,get_eit_entry,0x0000e8c2
356,get_eit_entry,0x0000e8c4
357,get_eit_entry,0x0000e8c6
358,get_eit_entry,0x0000e8c8
359,get_eit_entry,0x0000e8ca
360,get_eit_entry,0x0000e8cc
361,get_eit_entry,0x0000e8d0
362,get_eit_entry,0x0000e912
363,get_eit_entry,0x0000e914
364,get_eit_entry,0x0000e8d8
365,get_eit_entry,0x0000e8da
366,get_eit_entry,0x0000e8dc
367,get_eit_entry,0x0000e8de
368,get_eit_entry,0x0000e8e0
369,get_eit_entry,0x0000e8fe
370,get_eit_entry,0x0000e902
371,__gnu_unwind_get_pr_addr,0x0000e874
372,__gnu_unwind_get_pr_addr,0x0000e876
373,__gnu_unwind_get_pr_addr,0x0000e878
374,__gnu_unwind_get_pr_addr,0x0000e87a
375,__gnu_unwind_get_pr_addr,0x0000e87c
376,__gnu_unwind_get_pr_addr,0x0000e87e
377,__gnu_unwind_get_pr_addr,0x0000e880
378,__gnu_unwind_get_pr_addr,0x0000e882
379,__gnu_unwind_get_pr_addr,0x0000e884
380,__gnu_unwind_get_pr_addr,0x0000e886
381,get_eit_entry,0x0000e906
382,get_eit_entry,0x0000e908
383,get_eit_entry,0x0000e90a
384,get_eit_entry,0x0000e90c
385,get_eit_entry,0x0000e90e
386,get_eit_entry,0x0000e910
387,__gnu_Unwind_RaiseException,0x0000eaee
388,__gnu_Unwind_RaiseException,0x0000eaf0
389,__gnu_Unwind_RaiseException,0x0000ead8
390,__gnu_Unwind_RaiseException,0x0000eada
391,__gnu_Unwind_RaiseException,0x0000eadc
392,__gnu_Unwind_RaiseException,0x0000eade
393,__aeabi_unwind_cpp_pr0,0x0000ef28
394,__aeabi_unwind_cpp_pr0,0x0000ef2a
395,__gnu_unwind_pr_common,0x0000ec98
396,__gnu_unwind_pr_common,0x0000ec9c
397,__gnu_unwind_pr_common,0x0000ec9e
398,__gnu_unwind_pr_common,0x0000eca0
399,__gnu_unwind_pr_common,0x0000eca2
400,__gnu_unwind_pr_common,0x0000eca4
401,__gnu_unwind_pr_common,0x0000eca8
402,__gnu_unwind_pr_common,0x0000ecaa
403,__gnu_unwind_pr_common,0x0000ecae
404,__gnu_unwind_pr_common,0x0000ecb0
405,__gnu_unwind_pr_common,0x0000eda6
406,__gnu_unwind_pr_common,0x0000eda8
407,__gnu_unwind_pr_common,0x0000edaa
408,__gnu_unwind_pr_common,0x0000edae
409,__gnu_unwind_pr_common,0x0000edb0
410,__gnu_unwind_pr_common,0x0000ecc4
411,__gnu_unwind_pr_common,0x0000ecc6
412,__gnu_unwind_pr_common,0x0000ecca
413,__gnu_unwind_pr_common,0x0000ecce
414,__gnu_unwind_pr_common,0x0000ecd0
415,__gnu_unwind_pr_common,0x0000ecd2
416,__gnu_unwind_pr_common,0x0000ecd6
417,__gnu_unwind_pr_common,0x0000ecd8
418,__gnu_unwind_pr_common,0x0000ecda
419,__gnu_unwind_pr_common,0x0000ecdc
420,__gnu_unwind_execute,0x0000f3ec
421,__gnu_unwind_execute,0x0000f3f0
422,__gnu_unwind_execute,0x0000f3f2
423,__gnu_unwind_execute,0x0000f3f4
424,__gnu_unwind_execute,0x0000f3f6
425,__gnu_unwind_execute,0x0000f3fa
426,__gnu_unwind_execute,0x0000f3fc
427,next_unwind_byte,0x0000f394
428,next_unwind_byte,0x0000f396
429,next_unwind_byte,0x0000f398
430,next_unwind_byte,0x0000f3ba
431,next_unwind_byte,0x0000f3bc
432,next_unwind_byte,0x0000f3be
433,next_unwind_byte,0x0000f3c0
434,next_unwind_byte,0x0000f3c2
435,next_unwind_byte,0x0000f3c4
436,next_unwind_byte,0x0000f3c6
437,__gnu_unwind_execute,0x0000f400
438,__gnu_unwind_execute,0x0000f402
439,__gnu_unwind_execute,0x0000f404
440,__gnu_unwind_execute,0x0000f408
441,__gnu_unwind_execute,0x0000f40a
442,__gnu_unwind_execute,0x0000f40c
443,__gnu_unwind_execute,0x0000f410
444,__gnu_unwind_execute,0x0000f412
445,__gnu_unwind_execute,0x0000f414
446,__gnu_unwind_execute,0x0000f416
447,__gnu_unwind_execute,0x0000f418
448,__gnu_unwind_execute,0x0000f41a
449,__gnu_unwind_execute,0x0000f41c
450,__gnu_unwind_execute,0x0000f420
451,__gnu_unwind_execute,0x0000f422
452,__gnu_unwind_execute,0x0000f424
453,__gnu_unwind_execute,0x0000f426
454,__gnu_unwind_execute,0x0000f42a
455,__gnu_unwind_execute,0x0000f42e
456,__gnu_unwind_execute,0x0000f430
457,__gnu_unwind_execute,0x0000f432
458,__gnu_unwind_execute,0x0000f436
459,__gnu_unwind_execute,0x0000f438
460,__gnu_unwind_execute,0x0000f43c
461,__gnu_unwind_execute,0x0000f43e
462,__gnu_unwind_execute,0x0000f440
463,__gnu_unwind_execute,0x0000f442
464,_Unwind_VRS_Pop,0x0000ef40
465,_Unwind_VRS_Pop,0x0000ef44
466,_Unwind_VRS_Pop,0x0000ef46
467,_Unwind_VRS_Pop,0x0000ef48
468,_Unwind_VRS_Pop,0x0000ef4a
469,_Unwind_VRS_Pop,0x0000ef4c
470,_Unwind_VRS_Pop,0x0000ef4e
471,_Unwind_VRS_Pop,0x0000ef52
472,_Unwind_VRS_Pop,0x0000f0ae
473,_Unwind_VRS_Pop,0x0000f0b0
474,_Unwind_VRS_Pop,0x0000f0b2
475,_Unwind_VRS_Pop,0x0000f0b4
476,_Unwind_VRS_Pop,0x0000f0b8
477,_Unwind_VRS_Pop,0x0000f0ba
478,_Unwind_VRS_Pop,0x0000f0bc
479,_Unwind_VRS_Pop,0x0000f0c0
480,_Unwind_VRS_Pop,0x0000f0c4
481,_Unwind_VRS_Pop,0x0000f0c6
482,_Unwind_VRS_Pop,0x0000f0d2
483,_Unwind_VRS_Pop,0x0000f0d4
484,_Unwind_VRS_Pop,0x0000f0d6
485,_Unwind_VRS_Pop,0x0000f0bc
486,_Unwind_VRS_Pop,0x0000f0c0
487,_Unwind_VRS_Pop,0x0000f0c4
488,_Unwind_VRS_Pop,0x0000f0c6
489,_Unwind_VRS_Pop,0x0000f0d2
490,_Unwind_VRS_Pop,0x0000f0d4
491,_Unwind_VRS_Pop,0x0000f0d6
492,_Unwind_VRS_Pop,0x0000f0bc
493,_Unwind_VRS_Pop,0x0000f0c0
494,_Unwind_VRS_Pop,0x0000f0c4
495,_Unwind_VRS_Pop,0x0000f0c6
496,_Unwind_VRS_Pop,0x0000f0d2
497,_Unwind_VRS_Pop,0x0000f0d4
498,_Unwind_VRS_Pop,0x0000f0d6
499,_Unwind_VRS_Pop,0x0000f0bc
500,_Unwind_VRS_Pop,0x0000f0c0
501,_Unwind_VRS_Pop,0x0000f0c4
502,_Unwind_VRS_Pop,0x0000f0c6
503,_Unwind_VRS_Pop,0x0000f0d2
504,_Unwind_VRS_Pop,0x0000f0d4
505,_Unwind_VRS_Pop,0x0000f0d6
506,_Unwind_VRS_Pop,0x0000f0bc
507,_Unwind_VRS_Pop,0x0000f0c0
508,_Unwind_VRS_Pop,0x0000f0c4
509,_Unwind_VRS_Pop,0x0000f0c6
510,_Unwind_VRS_Pop,0x0000f0c8
511,_Unwind_VRS_Pop,0x0000f0cc
512,_Unwind_VRS_Pop,0x0000f0d0
513,_Unwind_VRS_Pop,0x0000f0d2
514,_Unwind_VRS_Pop,0x0000f0d4
515,_Unwind_VRS_Pop,0x0000f0d6
516,_Unwind_VRS_Pop,0x0000f0bc
517,_Unwind_VRS_Pop,0x0000f0c0
518,_Unwind_VRS_Pop,0x0000f0c4
519,_Unwind_VRS_Pop,0x0000f0c6
520,_Unwind_VRS_Pop,0x0000f0c8
521,_Unwind_VRS_Pop,0x0000f0cc
522,_Unwind_VRS_Pop,0x0000f0d0
523,_Unwind_VRS_Pop,0x0000f0d2
524,_Unwind_VRS_Pop,0x0000f0d4
525,_Unwind_VRS_Pop,0x0000f0d6
526,_Unwind_VRS_Pop,0x0000f0bc
527,_Unwind_VRS_Pop,0x0000f0c0
528,_Unwind_VRS_Pop,0x0000f0c4
529,_Unwind_VRS_Pop,0x0000f0c6
530,_Unwind_VRS_Pop,0x0000f0c8
531,_Unwind_VRS_Pop,0x0000f0cc
532,_Unwind_VRS_Pop,0x0000f0d0
533,_Unwind_VRS_Pop,0x0000f0d2
534,_Unwind_VRS_Pop,0x0000f0d4
535,_Unwind_VRS_Pop,0x0000f0d6
536,_Unwind_VRS_Pop,0x0000f0bc
537,_Unwind_VRS_Pop,0x0000f0c0
538,_Unwind_VRS_Pop,0x0000f0c4
539,_Unwind_VRS_Pop,0x0000f0c6
540,_Unwind_VRS_Pop,0x0000f0d2
541,_Unwind_VRS_Pop,0x0000f0d4
542,_Unwind_VRS_Pop,0x0000f0d6
543,_Unwind_VRS_Pop,0x0000f0bc
544,_Unwind_VRS_Pop,0x0000f0c0
545,_Unwind_VRS_Pop,0x0000f0c4
546,_Unwind_VRS_Pop,0x0000f0c6
547,_Unwind_VRS_Pop,0x0000f0d2
548,_Unwind_VRS_Pop,0x0000f0d4
549,_Unwind_VRS_Pop,0x0000f0d6
550,_Unwind_VRS_Pop,0x0000f0bc
551,_Unwind_VRS_Pop,0x0000f0c0
552,_Unwind_VRS_Pop,0x0000f0c4
553,_Unwind_VRS_Pop,0x0000f0c6
554,_Unwind_VRS_Pop,0x0000f0d2
555,_Unwind_VRS_Pop,0x0000f0d4
556,_Unwind_VRS_Pop,0x0000f0d6
557,_Unwind_VRS_Pop,0x0000f0bc
558,_Unwind_VRS_Pop,0x0000f0c0
559,_Unwind_VRS_Pop,0x0000f0c4
560,_Unwind_VRS_Pop,0x0000f0c6
561,_Unwind_VRS_Pop,0x0000f0d2
562,_Unwind_VRS_Pop,0x0000f0d4
563,_Unwind_VRS_Pop,0x0000f0d6
564,_Unwind_VRS_Pop,0x0000f0bc
565,_Unwind_VRS_Pop,0x0000f0c0
566,_Unwind_VRS_Pop,0x0000f0c4
567,_Unwind_VRS_Pop,0x0000f0c6
568,_Unwind_VRS_Pop,0x0000f0d2
569,_Unwind_VRS_Pop,0x0000f0d4
570,_Unwind_VRS_Pop,0x0000f0d6
571,_Unwind_VRS_Pop,0x0000f0bc
572,_Unwind_VRS_Pop,0x0000f0c0
573,_Unwind_VRS_Pop,0x0000f0c4
574,_Unwind_VRS_Pop,0x0000f0c6
575,_Unwind_VRS_Pop,0x0000f0d2
576,_Unwind_VRS_Pop,0x0000f0d4
577,_Unwind_VRS_Pop,0x0000f0d6
578,_Unwind_VRS_Pop,0x0000f0bc
579,_Unwind_VRS_Pop,0x0000f0c0
580,_Unwind_VRS_Pop,0x0000f0c4
581,_Unwind_VRS_Pop,0x0000f0c6
582,_Unwind_VRS_Pop,0x0000f0d2
583,_Unwind_VRS_Pop,0x0000f0d4
584,_Unwind_VRS_Pop,0x0000f0d6
585,_Unwind_VRS_Pop,0x0000f0bc
586,_Unwind_VRS_Pop,0x0000f0c0
587,_Unwind_VRS_Pop,0x0000f0c4
588,_Unwind_VRS_Pop,0x0000f0c6
589,_Unwind_VRS_Pop,0x0000f0c8
590,_Unwind_VRS_Pop,0x0000f0cc
591,_Unwind_VRS_Pop,0x0000f0d0
592,_Unwind_VRS_Pop,0x0000f0d2
593,_Unwind_VRS_Pop,0x0000f0d4
594,_Unwind_VRS_Pop,0x0000f0d6
595,_Unwind_VRS_Pop,0x0000f0bc
596,_Unwind_VRS_Pop,0x0000f0c0
597,_Unwind_VRS_Pop,0x0000f0c4
598,_Unwind_VRS_Pop,0x0000f0c6
599,_Unwind_VRS_Pop,0x0000f0d2
600,_Unwind_VRS_Pop,0x0000f0d4
601,_Unwind_VRS_Pop,0x0000f0d6
602,_Unwind_VRS_Pop,0x0000f0d8
603,_Unwind_VRS_Pop,0x0000f0da
604,_Unwind_VRS_Pop,0x0000f0dc
605,_Unwind_VRS_Pop,0x0000f0de
606,_Unwind_VRS_Pop,0x0000f0e0
607,_Unwind_VRS_Pop,0x0000f0e2
608,__gnu_unwind_execute,0x0000f446
609,__gnu_unwind_execute,0x0000f448
610,__gnu_unwind_execute,0x0000f3fa
611,__gnu_unwind_execute,0x0000f3fc
612,next_unwind_byte,0x0000f394
613,next_unwind_byte,0x0000f396
614,next_unwind_byte,0x0000f398
615,next_unwind_byte,0x0000f3ba
616,next_unwind_byte,0x0000f3bc
617,next_unwind_byte,0x0000f3be
618,next_unwind_byte,0x0000f3c0
619,next_unwind_byte,0x0000f3c2
620,next_unwind_byte,0x0000f3c4
621,next_unwind_byte,0x0000f3c6
622,__gnu_unwind_execute,0x0000f400
623,__gnu_unwind_execute,0x0000f402
624,__gnu_unwind_execute,0x0000f404
625,__gnu_unwind_execute,0x0000f5bc
626,__gnu_unwind_execute,0x0000f5c0
627,__gnu_unwind_execute,0x0000f644
628,__gnu_unwind_execute,0x0000f646
629,__gnu_unwind_execute,0x0000f648
630,__gnu_unwind_execute,0x0000f64a
631,__gnu_unwind_execute,0x0000f64c
632,__gnu_unwind_execute,0x0000f64e
633,__gnu_unwind_execute,0x0000f650
634,_Unwind_VRS_Get,0x0000eb80
635,_Unwind_VRS_Get,0x0000eb82
636,_Unwind_VRS_Get,0x0000eb84
637,_Unwind_VRS_Get,0x0000eb86
638,_Unwind_VRS_Get,0x0000eb88
639,_Unwind_VRS_Get,0x0000eb8a
640,_Unwind_VRS_Get,0x0000eb8c
641,_Unwind_VRS_Get,0x0000eb90
642,_Unwind_VRS_Get,0x0000eb92
643,_Unwind_VRS_Get,0x0000eb94
644,_Unwind_VRS_Get,0x0000eb96
645,_Unwind_VRS_Get,0x0000eb98
646,__gnu_unwind_execute,0x0000f654
647,__gnu_unwind_execute,0x0000f656
648,__gnu_unwind_execute,0x0000f658
649,__gnu_unwind_execute,0x0000f65a
650,__gnu_unwind_execute,0x0000f65c
651,__gnu_unwind_execute,0x0000f65e
652,_Unwind_VRS_Set,0x0000ebcc
653,_Unwind_VRS_Set,0x0000ebce
654,_Unwind_VRS_Set,0x0000ebd0
655,_Unwind_VRS_Set,0x0000ebd2
656,_Unwind_VRS_Set,0x0000ebd4
657,_Unwind_VRS_Set,0x0000ebd6
658,_Unwind_VRS_Set,0x0000ebd8
659,_Unwind_VRS_Set,0x0000ebda
660,_Unwind_VRS_Set,0x0000ebde
661,_Unwind_VRS_Set,0x0000ebe0
662,_Unwind_VRS_Set,0x0000ebe2
663,_Unwind_VRS_Set,0x0000ebe4
664,__gnu_unwind_execute,0x0000f662
665,__gnu_unwind_execute,0x0000f5c2
666,__gnu_unwind_execute,0x0000f5c4
667,__gnu_unwind_execute,0x0000f44c
668,__gnu_unwind_execute,0x0000f44e
669,__gnu_unwind_pr_common,0x0000ece0
670,__gnu_unwind_pr_common,0x0000ece2
671,__gnu_unwind_pr_common,0x0000ece4
672,__gnu_unwind_pr_common,0x0000ece6
673,__gnu_Unwind_RaiseException,0x0000eae0
674,__gnu_Unwind_RaiseException,0x0000eae2
675,__gnu_Unwind_RaiseException,0x0000eae4
676,__gnu_Unwind_RaiseException,0x0000eae6
677,__gnu_Unwind_RaiseException,0x0000eae8
678,__gnu_Unwind_RaiseException,0x0000eaea
679,get_eit_entry,0x0000e89c
680,get_eit_entry,0x0000e89e
681,get_eit_entry,0x0000e8a0
682,get_eit_entry,0x0000e8a2
683,get_eit_entry,0x0000e8a4
684,get_eit_entry,0x0000e8a6
685,get_eit_entry,0x0000e8f0
686,get_eit_entry,0x0000e8f2
687,get_eit_entry,0x0000e8f4
688,get_eit_entry,0x0000e8f6
689,get_eit_entry,0x0000e8f8
690,get_eit_entry,0x0000e8fa
691,get_eit_entry,0x0000e8fc
692,get_eit_entry,0x0000e8b4
693,get_eit_entry,0x0000e8b6
694,search_EIT_table,0x0000e810
695,search_EIT_table,0x0000e814
696,search_EIT_table,0x0000e816
697,search_EIT_table,0x0000e818
698,search_EIT_table,0x0000e81a
699,search_EIT_table,0x0000e81c
700,search_EIT_table,0x0000e81e
701,search_EIT_table,0x0000e822
702,search_EIT_table,0x0000e826
703,search_EIT_table,0x0000e82a
704,search_EIT_table,0x0000e82c
705,search_EIT_table,0x0000e830
706,search_EIT_table,0x0000e832
707,selfrel_offset31,0x0000e7fc
708,selfrel_offset31,0x0000e7fe
709,selfrel_offset31,0x0000e800
710,selfrel_offset31,0x0000e802
711,selfrel_offset31,0x0000e806
712,selfrel_offset31,0x0000e80a
713,selfrel_offset31,0x0000e80c
714,search_EIT_table,0x0000e836
715,search_EIT_table,0x0000e838
716,search_EIT_table,0x0000e83a
717,search_EIT_table,0x0000e83e
718,search_EIT_table,0x0000e840
719,search_EIT_table,0x0000e842
720,search_EIT_table,0x0000e844
721,search_EIT_table,0x0000e846
722,search_EIT_table,0x0000e858
723,search_EIT_table,0x0000e85a
724,search_EIT_table,0x0000e85c
725,search_EIT_table,0x0000e85e
726,search_EIT_table,0x0000e822
727,search_EIT_table,0x0000e826
728,search_EIT_table,0x0000e82a
729,search_EIT_table,0x0000e82c
730,search_EIT_table,0x0000e830
731,search_EIT_table,0x0000e832
732,selfrel_offset31,0x0000e7fc
733,selfrel_offset31,0x0000e7fe
734,selfrel_offset31,0x0000e800
735,selfrel_offset31,0x0000e802
736,selfrel_offset31,0x0000e806
737,selfrel_offset31,0x0000e80a
738,selfrel_offset31,0x0000e80c
739,search_EIT_table,0x0000e836
740,search_EIT_table,0x0000e838
741,search_EIT_table,0x0000e83a
742,search_EIT_table,0x0000e83e
743,search_EIT_table,0x0000e840
744,search_EIT_table,0x0000e842
745,search_EIT_table,0x0000e844
746,search_EIT_table,0x0000e846
747,search_EIT_table,0x0000e858
748,search_EIT_table,0x0000e85a
749,search_EIT_table,0x0000e85c
750,search_EIT_table,0x0000e85e
751,search_EIT_table,0x0000e822
752,search_EIT_table,0x0000e826
753,search_EIT_table,0x0000e82a
754,search_EIT_table,0x0000e82c
755,search_EIT_table,0x0000e830
756,search_EIT_table,0x0000e832
757,selfrel_offset31,0x0000e7fc
758,selfrel_offset31,0x0000e7fe
759,selfrel_offset31,0x0000e800
760,selfrel_offset31,0x0000e802
761,selfrel_offset31,0x0000e806
762,selfrel_offset31,0x0000e80a
763,selfrel_offset31,0x0000e80c
764,search_EIT_table,0x0000e836
765,search_EIT_table,0x0000e838
766,search_EIT_table,0x0000e83a
767,search_EIT_table,0x0000e83e
768,search_EIT_table,0x0000e840
769,search_EIT_table,0x0000e842
770,search_EIT_table,0x0000e844
771,search_EIT_table,0x0000e846
772,search_EIT_table,0x0000e858
773,search_EIT_table,0x0000e85a
774,search_EIT_table,0x0000e85c
775,search_EIT_table,0x0000e85e
776,search_EIT_table,0x0000e822
777,search_EIT_table,0x0000e826
778,search_EIT_table,0x0000e82a
779,search_EIT_table,0x0000e82c
780,search_EIT_table,0x0000e830
781,search_EIT_table,0x0000e832
782,selfrel_offset31,0x0000e7fc
783,selfrel_offset31,0x0000e7fe
784,selfrel_offset31,0x0000e800
785,selfrel_offset31,0x0000e802
786,selfrel_offset31,0x0000e806
787,selfrel_offset31,0x0000e80a
788,selfrel_offset31,0x0000e80c
789,search_EIT_table,0x0000e836
790,search_EIT_table,0x0000e838
791,search_EIT_table,0x0000e83a
792,search_EIT_table,0x0000e83e
793,search_EIT_table,0x0000e840
794,search_EIT_table,0x0000e842
795,search_EIT_table,0x0000e844
796,search_EIT_table,0x0000e846
797,search_EIT_table,0x0000e858
798,search_EIT_table,0x0000e85a
799,search_EIT_table,0x0000e85c
800,search_EIT_table,0x0000e85e
801,search_EIT_table,0x0000e822
802,search_EIT_table,0x0000e826
803,search_EIT_table,0x0000e82a
804,search_EIT_table,0x0000e82c
805,search_EIT_table,0x0000e830
806,search_EIT_table,0x0000e832
807,selfrel_offset31,0x0000e7fc
808,selfrel_offset31,0x0000e7fe
809,selfrel_offset31,0x0000e800
810,selfrel_offset31,0x0000e802
811,selfrel_offset31,0x0000e806
812,selfrel_offset31,0x0000e80a
813,selfrel_offset31,0x0000e80c
814,search_EIT_table,0x0000e836
815,search_EIT_table,0x0000e838
816,search_EIT_table,0x0000e83a
817,search_EIT_table,0x0000e83e
818,search_EIT_table,0x0000e840
819,search_EIT_table,0x0000e842
820,search_EIT_table,0x0000e844
821,search_EIT_table,0x0000e846
822,search_EIT_table,0x0000e858
823,search_EIT_table,0x0000e85a
824,search_EIT_table,0x0000e85c
825,search_EIT_table,0x0000e85e
826,search_EIT_table,0x0000e822
827,search_EIT_table,0x0000e826
828,search_EIT_table,0x0000e82a
829,search_EIT_table,0x0000e82c
830,search_EIT_table,0x0000e830
831,search_EIT_table,0x0000e832
832,selfrel_offset31,0x0000e7fc
833,selfrel_offset31,0x0000e7fe
834,selfrel_offset31,0x0000e800
835,selfrel_offset31,0x0000e802
836,selfrel_offset31,0x0000e806
837,selfrel_offset31,0x0000e80a
838,selfrel_offset31,0x0000e80c
839,search_EIT_table,0x0000e836
840,search_EIT_table,0x0000e838
841,search_EIT_table,0x0000e83a
842,search_EIT_table,0x0000e83e
843,search_EIT_table,0x0000e840
844,search_EIT_table,0x0000e842
845,search_EIT_table,0x0000e844
846,search_EIT_table,0x0000e846
847,search_EIT_table,0x0000e858
848,search_EIT_table,0x0000e85a
849,search_EIT_table,0x0000e85c
850,search_EIT_table,0x0000e85e
851,search_EIT_table,0x0000e822
852,search_EIT_table,0x0000e826
853,search_EIT_table,0x0000e82a
854,search_EIT_table,0x0000e82c
855,search_EIT_table,0x0000e830
856,search_EIT_table,0x0000e832
857,selfrel_offset31,0x0000e7fc
858,selfrel_offset31,0x0000e7fe
859,selfrel_offset31,0x0000e800
860,selfrel_offset31,0x0000e802
861,selfrel_offset31,0x0000e806
862,selfrel_offset31,0x0000e80a
863,selfrel_offset31,0x0000e80c
864,search_EIT_table,0x0000e836
865,search_EIT_table,0x0000e838
866,search_EIT_table,0x0000e83a
867,search_EIT_table,0x0000e83e
868,search_EIT_table,0x0000e840
869,search_EIT_table,0x0000e842
870,search_EIT_table,0x0000e844
871,search_EIT_table,0x0000e846
872,search_EIT_table,0x0000e858
873,search_EIT_table,0x0000e85a
874,search_EIT_table,0x0000e85c
875,search_EIT_table,0x0000e85e
876,search_EIT_table,0x0000e822
877,search_EIT_table,0x0000e826
878,search_EIT_table,0x0000e82a
879,search_EIT_table,0x0000e82c
880,search_EIT_table,0x0000e830
881,search_EIT_table,0x0000e832
882,selfrel_offset31,0x0000e7fc
883,selfrel_offset31,0x0000e7fe
884,selfrel_offset31,0x0000e800
885,selfrel_offset31,0x0000e802
886,selfrel_offset31,0x0000e806
887,selfrel_offset31,0x0000e80a
888,selfrel_offset31,0x0000e80c
889,search_EIT_table,0x0000e836
890,search_EIT_table,0x0000e838
891,search_EIT_table,0x0000e83a
892,search_EIT_table,0x0000e83e
893,search_EIT_table,0x0000e840
894,search_EIT_table,0x0000e842
895,search_EIT_table,0x0000e844
896,search_EIT_table,0x0000e846
897,search_EIT_table,0x0000e858
898,search_EIT_table,0x0000e85a
899,search_EIT_table,0x0000e85c
900,search_EIT_table,0x0000e85e
901,search_EIT_table,0x0000e822
902,search_EIT_table,0x0000e826
903,search_EIT_table,0x0000e82a
904,search_EIT_table,0x0000e82c
905,search_EIT_table,0x0000e830
906,search_EIT_table,0x0000e832
907,selfrel_offset31,0x0000e7fc
908,selfrel_offset31,0x0000e7fe
909,selfrel_offset31,0x0000e800
910,selfrel_offset31,0x0000e802
911,selfrel_offset31,0x0000e806
912,selfrel_offset31,0x0000e80a
913,selfrel_offset31,0x0000e80c
914,search_EIT_table,0x0000e836
915,search_EIT_table,0x0000e838
916,search_EIT_table,0x0000e83a
917,search_EIT_table,0x0000e83e
918,search_EIT_table,0x0000e840
919,search_EIT_table,0x0000e842
920,search_EIT_table,0x0000e844
921,search_EIT_table,0x0000e846
922,search_EIT_table,0x0000e848
923,selfrel_offset31,0x0000e7fc
924,selfrel_offset31,0x0000e7fe
925,selfrel_offset31,0x0000e800
926,selfrel_offset31,0x0000e802
927,selfrel_offset31,0x0000e806
928,selfrel_offset31,0x0000e80a
929,selfrel_offset31,0x0000e80c
930,search_EIT_table,0x0000e84c
931,search_EIT_table,0x0000e84e
932,search_EIT_table,0x0000e850
933,search_EIT_table,0x0000e864
934,search_EIT_table,0x0000e866
935,get_eit_entry,0x0000e8ba
936,get_eit_entry,0x0000e8bc
937,get_eit_entry,0x0000e8be
938,selfrel_offset31,0x0000e7fc
939,selfrel_offset31,0x0000e7fe
940,selfrel_offset31,0x0000e800
941,selfrel_offset31,0x0000e802
942,selfrel_offset31,0x0000e806
943,selfrel_offset31,0x0000e80a
944,selfrel_offset31,0x0000e80c
945,get_eit_entry,0x0000e8c2
946,get_eit_entry,0x0000e8c4
947,get_eit_entry,0x0000e8c6
948,get_eit_entry,0x0000e8c8
949,get_eit_entry,0x0000e8ca
950,get_eit_entry,0x0000e8cc
951,get_eit_entry,0x0000e8d0
952,get_eit_entry,0x0000e912
953,get_eit_entry,0x0000e914
954,get_eit_entry,0x0000e8d8
955,get_eit_entry,0x0000e8da
956,get_eit_entry,0x0000e8dc
957,get_eit_entry,0x0000e8de
958,get_eit_entry,0x0000e8e0
959,get_eit_entry,0x0000e8fe
960,get_eit_entry,0x0000e902
961,__gnu_unwind_get_pr_addr,0x0000e874
962,__gnu_unwind_get_pr_addr,0x0000e876
963,__gnu_unwind_get_pr_addr,0x0000e878
964,__gnu_unwind_get_pr_addr,0x0000e87a
965,__gnu_unwind_get_pr_addr,0x0000e87c
966,__gnu_unwind_get_pr_addr,0x0000e87e
967,__gnu_unwind_get_pr_addr,0x0000e880
968,__gnu_unwind_get_pr_addr,0x0000e882
969,__gnu_unwind_get_pr_addr,0x0000e884
970,__gnu_unwind_get_pr_addr,0x0000e886
971,get_eit_entry,0x0000e906
972,get_eit_entry,0x0000e908
973,get_eit_entry,0x0000e90a
974,get_eit_entry,0x0000e90c
975,get_eit_entry,0x0000e90e
976,get_eit_entry,0x0000e910
977,__gnu_Unwind_RaiseException,0x0000eaee
978,__gnu_Unwind_RaiseException,0x0000eaf0
979,__gnu_Unwind_RaiseException,0x0000ead8
980,__gnu_Unwind_RaiseException,0x0000eada
981,__gnu_Unwind_RaiseException,0x0000eadc
982,__gnu_Unwind_RaiseException,0x0000eade
983,__aeabi_unwind_cpp_pr0,0x0000ef28
984,__aeabi_unwind_cpp_pr0,0x0000ef2a
985,__gnu_unwind_pr_common,0x0000ec98
986,__gnu_unwind_pr_common,0x0000ec9c
987,__gnu_unwind_pr_common,0x0000ec9e
988,__gnu_unwind_pr_common,0x0000eca0
989,__gnu_unwind_pr_common,0x0000eca2
990,__gnu_unwind_pr_common,0x0000eca4
991,__gnu_unwind_pr_common,0x0000eca8
992,__gnu_unwind_pr_common,0x0000ecaa
993,__gnu_unwind_pr_common,0x0000ecae
994,__gnu_unwind_pr_common,0x0000ecb0
995,__gnu_unwind_pr_common,0x0000eda6
996,__gnu_unwind_pr_common,0x0000eda8
997,__gnu_unwind_pr_common,0x0000edaa
998,__gnu_unwind_pr_common,0x0000edae
999,__gnu_unwind_pr_common,0x0000edb0
1000,__gnu_unwind_pr_common,0x0000ecc4
1001,__gnu_unwind_pr_common,0x0000ecc6
1002,__gnu_unwind_pr_common,0x0000ecca
1003,__gnu_unwind_pr_common,0x0000ecce
1004,__gnu_unwind_pr_common,0x0000ecd0
1005,__gnu_unwind_pr_common,0x0000ecd2
1006,__gnu_unwind_pr_common,0x0000ecd6
1007,__gnu_unwind_pr_common,0x0000ecd8
1008,__gnu_unwind_pr_common,0x0000ecda
1009,__gnu_unwind_pr_common,0x0000ecdc
1010,__gnu_unwind_execute,0x0000f3ec
1011,__gnu_unwind_execute,0x0000f3f0
1012,__gnu_unwind_execute,0x0000f3f2
1013,__gnu_unwind_execute,0x0000f3f4
1014,__gnu_unwind_execute,0x0000f3f6
1015,__gnu_unwind_execute,0x0000f3fa
1016,__gnu_unwind_execute,0x0000f3fc
1017,next_unwind_byte,0x0000f394
1018,next_unwind_byte,0x0000f396
1019,next_unwind_byte,0x0000f398
1020,next_unwind_byte,0x0000f3ba
1021,next_unwind_byte,0x0000f3bc
1022,next_unwind_byte,0x0000f3be
1023,next_unwind_byte,0x0000f3c0
1024,next_unwind_byte,0x0000f3c2
1025,next_unwind_byte,0x0000f3c4
1026,next_unwind_byte,0x0000f3c6
1027,__gnu_unwind_execute,0x0000f400
1028,__gnu_unwind_execute,0x0000f402
1029,__gnu_unwind_execute,0x0000f404
1030,__gnu_unwind_execute,0x0000f408
1031,__gnu_unwind_execute,0x0000f40a
1032,__gnu_unwind_execute,0x0000f40c
1033,__gnu_unwind_execute,0x0000f410
1034,__gnu_unwind_execute,0x0000f412
1035,__gnu_unwind_execute,0x0000f414
1036,__gnu_unwind_execute,0x0000f416
1037,__gnu_unwind_execute,0x0000f418
1038,__gnu_unwind_execute,0x0000f41a
1039,__gnu_unwind_execute,0x0000f41c
1040,__gnu_unwind_execute,0x0000f420
1041,__gnu_unwind_execute,0x0000f422
1042,__gnu_unwind_execute,0x0000f424
1043,__gnu_unwind_execute,0x0000f426
1044,__gnu_unwind_execute,0x0000f42a
1045,__gnu_unwind_execute,0x0000f42e
1046,__gnu_unwind_execute,0x0000f430
1047,__gnu_unwind_execute,0x0000f432
1048,__gnu_unwind_execute,0x0000f436
1049,__gnu_unwind_execute,0x0000f438
1050,__gnu_unwind_execute,0x0000f43c
1051,__gnu_unwind_execute,0x0000f43e
1052,__gnu_unwind_execute,0x0000f440
1053,__gnu_unwind_execute,0x0000f442
1054,_Unwind_VRS_Pop,0x0000ef40
1055,_Unwind_VRS_Pop,0x0000ef44
1056,_Unwind_VRS_Pop,0x0000ef46
1057,_Unwind_VRS_Pop,0x0000ef48
1058,_Unwind_VRS_Pop,0x0000ef4a
1059,_Unwind_VRS_Pop,0x0000ef4c
1060,_Unwind_VRS_Pop,0x0000ef4e
1061,_Unwind_VRS_Pop,0x0000ef52
1062,_Unwind_VRS_Pop,0x0000f0ae
1063,_Unwind_VRS_Pop,0x0000f0b0
1064,_Unwind_VRS_Pop,0x0000f0b2
1065,_Unwind_VRS_Pop,0x0000f0b4
1066,_Unwind_VRS_Pop,0x0000f0b8
1067,_Unwind_VRS_Pop,0x0000f0ba
1068,_Unwind_VRS_Pop,0x0000f0bc
1069,_Unwind_VRS_Pop,0x0000f0c0
1070,_Unwind_VRS_Pop,0x0000f0c4
1071,_Unwind_VRS_Pop,0x0000f0c6
1072,_Unwind_VRS_Pop,0x0000f0d2
1073,_Unwind_VRS_Pop,0x0000f0d4
1074,_Unwind_VRS_Pop,0x0000f0d6
1075,_Unwind_VRS_Pop,0x0000f0bc
1076,_Unwind_VRS_Pop,0x0000f0c0
1077,_Unwind_VRS_Pop,0x0000f0c4
1078,_Unwind_VRS_Pop,0x0000f0c6
1079,_Unwind_VRS_Pop,0x0000f0d2
1080,_Unwind_VRS_Pop,0x0000f0d4
1081,_Unwind_VRS_Pop,0x0000f0d6
1082,_Unwind_VRS_Pop,0x0000f0bc
1083,_Unwind_VRS_Pop,0x0000f0c0
1084,_Unwind_VRS_Pop,0x0000f0c4
1085,_Unwind_VRS_Pop,0x0000f0c6
1086,_Unwind_VRS_Pop,0x0000f0d2
1087,_Unwind_VRS_Pop,0x0000f0d4
1088,_Unwind_VRS_Pop,0x0000f0d6
1089,_Unwind_VRS_Pop,0x0000f0bc
1090,_Unwind_VRS_Pop,0x0000f0c0
1091,_Unwind_VRS_Pop,0x0000f0c4
1092,_Unwind_VRS_Pop,0x0000f0c6
1093,_Unwind_VRS_Pop,0x0000f0d2
1094,_Unwind_VRS_Pop,0x0000f0d4
1095,_Unwind_VRS_Pop,0x0000f0d6
1096,_Unwind_VRS_Pop,0x0000f0bc
1097,_Unwind_VRS_Pop,0x0000f0c0
1098,_Unwind_VRS_Pop,0x0000f0c4
1099,_Unwind_VRS_Pop,0x0000f0c6
1100,_Unwind_VRS_Pop,0x0000f0c8
1101,_Unwind_VRS_Pop,0x0000f0cc
1102,_Unwind_VRS_Pop,0x0000f0d0
1103,_Unwind_VRS_Pop,0x0000f0d2
1104,_Unwind_VRS_Pop,0x0000f0d4
1105,_Unwind_VRS_Pop,0x0000f0d6
1106,_Unwind_VRS_Pop,0x0000f0bc
1107,_Unwind_VRS_Pop,0x0000f0c0
1108,_Unwind_VRS_Pop,0x0000f0c4
1109,_Unwind_VRS_Pop,0x0000f0c6
1110,_Unwind_VRS_Pop,0x0000f0d2
1111,_Unwind_VRS_Pop,0x0000f0d4
1112,_Unwind_VRS_Pop,0x0000f0d6
1113,_Unwind_VRS_Pop,0x0000f0bc
1114,_Unwind_VRS_Pop,0x0000f0c0
1115,_Unwind_VRS_Pop,0x0000f0c4
1116,_Unwind_VRS_Pop,0x0000f0c6
1117,_Unwind_VRS_Pop,0x0000f0d2
1118,_Unwind_VRS_Pop,0x0000f0d4
1119,_Unwind_VRS_Pop,0x0000f0d6
1120,_Unwind_VRS_Pop,0x0000f0bc
1121,_Unwind_VRS_Pop,0x0000f0c0
1122,_Unwind_VRS_Pop,0x0000f0c4
1123,_Unwind_VRS_Pop,0x0000f0c6
1124,_Unwind_VRS_Pop,0x0000f0d2
1125,_Unwind_VRS_Pop,0x0000f0d4
1126,_Unwind_VRS_Pop,0x0000f0d6
1127,_Unwind_VRS_Pop,0x0000f0bc
1128,_Unwind_VRS_Pop,0x0000f0c0
1129,_Unwind_VRS_Pop,0x0000f0c4
1130,_Unwind_VRS_Pop,0x0000f0c6
1131,_Unwind_VRS_Pop,0x0000f0d2
1132,_Unwind_VRS_Pop,0x0000f0d4
1133,_Unwind_VRS_Pop,0x0000f0d6
1134,_Unwind_VRS_Pop,0x0000f0bc
1135,_Unwind_VRS_Pop,0x0000f0c0
1136,_Unwind_VRS_Pop,0x0000f0c4
1137,_Unwind_VRS_Pop,0x0000f0c6
1138,_Unwind_VRS_Pop,0x0000f0d2
1139,_Unwind_VRS_Pop,0x0000f0d4
1140,_Unwind_VRS_Pop,0x0000f0d6
1141,_Unwind_VRS_Pop,0x0000f0bc
1142,_Unwind_VRS_Pop,0x0000f0c0
1143,_Unwind_VRS_Pop,0x0000f0c4
1144,_Unwind_VRS_Pop,0x0000f0c6
1145,_Unwind_VRS_Pop,0x0000f0d2
1146,_Unwind_VRS_Pop,0x0000f0d4
1147,_Unwind_VRS_Pop,0x0000f0d6
1148,_Unwind_VRS_Pop,0x0000f0bc
1149,_Unwind_VRS_Pop,0x0000f0c0
1150,_Unwind_VRS_Pop,0x0000f0c4
1151,_Unwind_VRS_Pop,0x0000f0c6
1152,_Unwind_VRS_Pop,0x0000f0d2
1153,_Unwind_VRS_Pop,0x0000f0d4
1154,_Unwind_VRS_Pop,0x0000f0d6
1155,_Unwind_VRS_Pop,0x0000f0bc
1156,_Unwind_VRS_Pop,0x0000f0c0
1157,_Unwind_VRS_Pop,0x0000f0c4
1158,_Unwind_VRS_Pop,0x0000f0c6
1159,_Unwind_VRS_Pop,0x0000f0d2
1160,_Unwind_VRS_Pop,0x0000f0d4
1161,_Unwind_VRS_Pop,0x0000f0d6
1162,_Unwind_VRS_Pop,0x0000f0bc
1163,_Unwind_VRS_Pop,0x0000f0c0
1164,_Unwind_VRS_Pop,0x0000f0c4
1165,_Unwind_VRS_Pop,0x0000f0c6
1166,_Unwind_VRS_Pop,0x0000f0d2
1167,_Unwind_VRS_Pop,0x0000f0d4
1168,_Unwind_VRS_Pop,0x0000f0d6
1169,_Unwind_VRS_Pop,0x0000f0bc
1170,_Unwind_VRS_Pop,0x0000f0c0
1171,_Unwind_VRS_Pop,0x0000f0c4
1172,_Unwind_VRS_Pop,0x0000f0c6
1173,_Unwind_VRS_Pop,0x0000f0c8
1174,_Unwind_VRS_Pop,0x0000f0cc
1175,_Unwind_VRS_Pop,0x0000f0d0
1176,_Unwind_VRS_Pop,0x0000f0d2
1177,_Unwind_VRS_Pop,0x0000f0d4
1178,_Unwind_VRS_Pop,0x0000f0d6
1179,_Unwind_VRS_Pop,0x0000f0bc
1180,_Unwind_VRS_Pop,0x0000f0c0
1181,_Unwind_VRS_Pop,0x0000f0c4
1182,_Unwind_VRS_Pop,0x0000f0c6
1183,_Unwind_VRS_Pop,0x0000f0d2
1184,_Unwind_VRS_Pop,0x0000f0d4
1185,_Unwind_VRS_Pop,0x0000f0d6
1186,_Unwind_VRS_Pop,0x0000f0d8
1187,_Unwind_VRS_Pop,0x0000f0da
1188,_Unwind_VRS_Pop,0x0000f0dc
1189,_Unwind_VRS_Pop,0x0000f0de
1190,_Unwind_VRS_Pop,0x0000f0e0
1191,_Unwind_VRS_Pop,0x0000f0e2
1192,__gnu_unwind_execute,0x0000f446
1193,__gnu_unwind_execute,0x0000f448
1194,__gnu_unwind_execute,0x0000f3fa
1195,__gnu_unwind_execute,0x0000f3fc
1196,next_unwind_byte,0x0000f394
1197,next_unwind_byte,0x0000f396
1198,next_unwind_byte,0x0000f398
1199,next_unwind_byte,0x0000f3ba
1200,next_unwind_byte,0x0000f3bc
1201,next_unwind_byte,0x0000f3be
1202,next_unwind_byte,0x0000f3c0
1203,next_unwind_byte,0x0000f3c2
1204,next_unwind_byte,0x0000f3c4
1205,next_unwind_byte,0x0000f3c6
1206,__gnu_unwind_execute,0x0000f400
1207,__gnu_unwind_execute,0x0000f402
1208,__gnu_unwind_execute,0x0000f404
1209,__gnu_unwind_execute,0x0000f5bc
1210,__gnu_unwind_execute,0x0000f5c0
1211,__gnu_unwind_execute,0x0000f644
1212,__gnu_unwind_execute,0x0000f646
1213,__gnu_unwind_execute,0x0000f648
1214,__gnu_unwind_execute,0x0000f64a
1215,__gnu_unwind_execute,0x0000f64c
1216,__gnu_unwind_execute,0x0000f64e
1217,__gnu_unwind_execute,0x0000f650
1218,_Unwind_VRS_Get,0x0000eb80
1219,_Unwind_VRS_Get,0x0000eb82
1220,_Unwind_VRS_Get,0x0000eb84
1221,_Unwind_VRS_Get,0x0000eb86
1222,_Unwind_VRS_Get,0x0000eb88
1223,_Unwind_VRS_Get,0x0000eb8a
1224,_Unwind_VRS_Get,0x0000eb8c
1225,_Unwind_VRS_Get,0x0000eb90
1226,_Unwind_VRS_Get,0x0000eb92
1227,_Unwind_VRS_Get,0x0000eb94
1228,_Unwind_VRS_Get,0x0000eb96
1229,_Unwind_VRS_Get,0x0000eb98
1230,__gnu_unwind_execute,0x0000f654
1231,__gnu_unwind_execute,0x0000f656
1232,__gnu_unwind_execute,0x0000f658
1233,__gnu_unwind_execute,0x0000f65a
1234,__gnu_unwind_execute,0x0000f65c
1235,__gnu_unwind_execute,0x0000f65e
1236,_Unwind_VRS_Set,0x0000ebcc
1237,_Unwind_VRS_Set,0x0000ebce
1238,_Unwind_VRS_Set,0x0000ebd0
1239,_Unwind_VRS_Set,0x0000ebd2
1240,_Unwind_VRS_Set,0x0000ebd4
1241,_Unwind_VRS_Set,0x0000ebd6
1242,_Unwind_VRS_Set,0x0000ebd8
1243,_Unwind_VRS_Set,0x0000ebda
1244,_Unwind_VRS_Set,0x0000ebde
1245,_Unwind_VRS_Set,0x0000ebe0
1246,_Unwind_VRS_Set,0x0000ebe2
1247,_Unwind_VRS_Set,0x0000ebe4
1248,__gnu_unwind_execute,0x0000f662
1249,__gnu_unwind_execute,0x0000f5c2
1250,__gnu_unwind_execute,0x0000f5c4
1251,__gnu_unwind_execute,0x0000f44c
1252,__gnu_unwind_execute,0x0000f44e
1253,__gnu_unwind_pr_common,0x0000ece0
1254,__gnu_unwind_pr_common,0x0000ece2
1255,__gnu_unwind_pr_common,0x0000ece4
1256,__gnu_unwind_pr_common,0x0000ece6
1257,__gnu_Unwind_RaiseException,0x0000eae0
1258,__gnu_Unwind_RaiseException,0x0000eae2
1259,__gnu_Unwind_RaiseException,0x0000eae4
1260,__gnu_Unwind_RaiseException,0x0000eae6
1261,__gnu_Unwind_RaiseException,0x0000eae8
1262,__gnu_Unwind_RaiseException,0x0000eaea
1263,get_eit_entry,0x0000e89c
1264,get_eit_entry,0x0000e89e
1265,get_eit_entry,0x0000e8a0
1266,get_eit_entry,0x0000e8a2
1267,get_eit_entry,0x0000e8a4
1268,get_eit_entry,0x0000e8a6
1269,get_eit_entry,0x0000e8f0
1270,get_eit_entry,0x0000e8f2
1271,get_eit_entry,0x0000e8f4
1272,get_eit_entry,0x0000e8f6
1273,get_eit_entry,0x0000e8f8
1274,get_eit_entry,0x0000e8fa
1275,get_eit_entry,0x0000e8fc
1276,get_eit_entry,0x0000e8b4
1277,get_eit_entry,0x0000e8b6
1278,search_EIT_table,0x0000e810
1279,search_EIT_table,0x0000e814
1280,search_EIT_table,0x0000e816
1281,search_EIT_table,0x0000e818
1282,search_EIT_table,0x0000e81a
1283,search_EIT_table,0x0000e81c
1284,search_EIT_table,0x0000e81e
1285,search_EIT_table,0x0000e822
1286,search_EIT_table,0x0000e826
1287,search_EIT_table,0x0000e82a
1288,search_EIT_table,0x0000e82c
1289,search_EIT_table,0x0000e830
1290,search_EIT_table,0x0000e832
1291,selfrel_offset31,0x0000e7fc
1292,selfrel_offset31,0x0000e7fe
1293,selfrel_offset31,0x0000e800
1294,selfrel_offset31,0x0000e802
1295,selfrel_offset31,0x0000e806
1296,selfrel_offset31,0x0000e80a
1297,selfrel_offset31,0x0000e80c
1298,search_EIT_table,0x0000e836
1299,search_EIT_table,0x0000e838
1300,search_EIT_table,0x0000e83a
1301,search_EIT_table,0x0000e83e
1302,search_EIT_table,0x0000e840
1303,search_EIT_table,0x0000e842
1304,search_EIT_table,0x0000e844
1305,search_EIT_table,0x0000e846
1306,search_EIT_table,0x0000e848
1307,selfrel_offset31,0x0000e7fc
1308,selfrel_offset31,0x0000e7fe
1309,selfrel_offset31,0x0000e800
1310,selfrel_offset31,0x0000e802
1311,selfrel_offset31,0x0000e806
1312,selfrel_offset31,0x0000e80a
1313,selfrel_offset31,0x0000e80c
1314,search_EIT_table,0x0000e84c
1315,search_EIT_table,0x0000e84e
1316,search_EIT_table,0x0000e850
1317,search_EIT_table,0x0000e852
1318,search_EIT_table,0x0000e856
1319,search_EIT_table,0x0000e822
1320,search_EIT_table,0x0000e826
1321,search_EIT_table,0x0000e82a
1322,search_EIT_table,0x0000e82c
1323,search_EIT_table,0x0000e830
1324,search_EIT_table,0x0000e832
1325,selfrel_offset31,0x0000e7fc
1326,selfrel_offset31,0x0000e7fe
1327,selfrel_offset31,0x0000e800
1328,selfrel_offset31,0x0000e802
1329,selfrel_offset31,0x0000e806
1330,selfrel_offset31,0x0000e80a
1331,selfrel_offset31,0x0000e80c
1332,search_EIT_table,0x0000e836
1333,search_EIT_table,0x0000e838
1334,search_EIT_table,0x0000e83a
1335,search_EIT_table,0x0000e83e
1336,search_EIT_table,0x0000e840
1337,search_EIT_table,0x0000e842
1338,search_EIT_table,0x0000e844
1339,search_EIT_table,0x0000e846
1340,search_EIT_table,0x0000e848
1341,selfrel_offset31,0x0000e7fc
1342,selfrel_offset31,0x0000e7fe
1343,selfrel_offset31,0x0000e800
1344,selfrel_offset31,0x0000e802
1345,selfrel_offset31,0x0000e806
1346,selfrel_offset31,0x0000e80a
1347,selfrel_offset31,0x0000e80c
1348,search_EIT_table,0x0000e84c
1349,search_EIT_table,0x0000e84e
1350,search_EIT_table,0x0000e850
1351,search_EIT_table,0x0000e852
1352,search_EIT_table,0x0000e856
1353,search_EIT_table,0x0000e822
1354,search_EIT_table,0x0000e826
1355,search_EIT_table,0x0000e82a
1356,search_EIT_table,0x0000e82c
1357,search_EIT_table,0x0000e830
1358,search_EIT_table,0x0000e832
1359,selfrel_offset31,0x0000e7fc
1360,selfrel_offset31,0x0000e7fe
1361,selfrel_offset31,0x0000e800
1362,selfrel_offset31,0x0000e802
1363,selfrel_offset31,0x0000e806
1364,selfrel_offset31,0x0000e80a
1365,selfrel_offset31,0x0000e80c
1366,search_EIT_table,0x0000e836
1367,search_EIT_table,0x0000e838
1368,search_EIT_table,0x0000e83a
1369,search_EIT_table,0x0000e83e
1370,search_EIT_table,0x0000e840
1371,search_EIT_table,0x0000e842
1372,search_EIT_table,0x0000e844
1373,search_EIT_table,0x0000e846
1374,search_EIT_table,0x0000e848
1375,selfrel_offset31,0x0000e7fc
1376,selfrel_offset31,0x0000e7fe
1377,selfrel_offset31,0x0000e800
1378,selfrel_offset31,0x0000e802
1379,selfrel_offset31,0x0000e806
1380,selfrel_offset31,0x0000e80a
1381,selfrel_offset31,0x0000e80c
1382,search_EIT_table,0x0000e84c
1383,search_EIT_table,0x0000e84e
1384,search_EIT_table,0x0000e850
1385,search_EIT_table,0x0000e852
1386,search_EIT_table,0x0000e856
1387,search_EIT_table,0x0000e822
1388,search_EIT_table,0x0000e826
1389,search_EIT_table,0x0000e82a
1390,search_EIT_table,0x0000e82c
1391,search_EIT_table,0x0000e830
1392,search_EIT_table,0x0000e832
1393,selfrel_offset31,0x0000e7fc
1394,selfrel_offset31,0x0000e7fe
1395,selfrel_offset31,0x0000e800
1396,selfrel_offset31,0x0000e802
1397,selfrel_offset31,0x0000e806
1398,selfrel_offset31,0x0000e80a
1399,selfrel_offset31,0x0000e80c
1400,search_EIT_table,0x0000e836
1401,search_EIT_table,0x0000e838
1402,search_EIT_table,0x0000e83a
1403,search_EIT_table,0x0000e83e
1404,search_EIT_table,0x0000e840
1405,search_EIT_table,0x0000e842
1406,search_EIT_table,0x0000e844
1407,search_EIT_table,0x0000e846
1408,search_EIT_table,0x0000e858
1409,search_EIT_table,0x0000e85a
1410,search_EIT_table,0x0000e85c
1411,search_EIT_table,0x0000e85e
1412,search_EIT_table,0x0000e822
1413,search_EIT_table,0x0000e826
1414,search_EIT_table,0x0000e82a
1415,search_EIT_table,0x0000e82c
1416,search_EIT_table,0x0000e830
1417,search_EIT_table,0x0000e832
1418,selfrel_offset31,0x0000e7fc
1419,selfrel_offset31,0x0000e7fe
1420,selfrel_offset31,0x0000e800
1421,selfrel_offset31,0x0000e802
1422,selfrel_offset31,0x0000e806
1423,selfrel_offset31,0x0000e80a
1424,selfrel_offset31,0x0000e80c
1425,search_EIT_table,0x0000e836
1426,search_EIT_table,0x0000e838
1427,search_EIT_table,0x0000e83a
1428,search_EIT_table,0x0000e83e
1429,search_EIT_table,0x0000e840
1430,search_EIT_table,0x0000e842
1431,search_EIT_table,0x0000e844
1432,search_EIT_table,0x0000e846
1433,search_EIT_table,0x0000e848
1434,selfrel_offset31,0x0000e7fc
1435,selfrel_offset31,0x0000e7fe
1436,selfrel_offset31,0x0000e800
1437,selfrel_offset31,0x0000e802
1438,selfrel_offset31,0x0000e806
1439,selfrel_offset31,0x0000e80a
1440,selfrel_offset31,0x0000e80c
1441,search_EIT_table,0x0000e84c
1442,search_EIT_table,0x0000e84e
1443,search_EIT_table,0x0000e850
1444,search_EIT_table,0x0000e852
1445,search_EIT_table,0x0000e856
1446,search_EIT_table,0x0000e822
1447,search_EIT_table,0x0000e826
1448,search_EIT_table,0x0000e82a
1449,search_EIT_table,0x0000e82c
1450,search_EIT_table,0x0000e830
1451,search_EIT_table,0x0000e832
1452,selfrel_offset31,0x0000e7fc
1453,selfrel_offset31,0x0000e7fe
1454,selfrel_offset31,0x0000e800
1455,selfrel_offset31,0x0000e802
1456,selfrel_offset31,0x0000e806
1457,selfrel_offset31,0x0000e80a
1458,selfrel_offset31,0x0000e80c
1459,search_EIT_table,0x0000e836
1460,search_EIT_table,0x0000e838
1461,search_EIT_table,0x0000e83a
1462,search_EIT_table,0x0000e83e
1463,search_EIT_table,0x0000e840
1464,search_EIT_table,0x0000e842
1465,search_EIT_table,0x0000e844
1466,search_EIT_table,0x0000e846
1467,search_EIT_table,0x0000e848
1468,selfrel_offset31,0x0000e7fc
1469,selfrel_offset31,0x0000e7fe
1470,selfrel_offset31,0x0000e800
1471,selfrel_offset31,0x0000e802
1472,selfrel_offset31,0x0000e806
1473,selfrel_offset31,0x0000e80a
1474,selfrel_offset31,0x0000e80c
1475,search_EIT_table,0x0000e84c
1476,search_EIT_table,0x0000e84e
1477,search_EIT_table,0x0000e850
1478,search_EIT_table,0x0000e852
1479,search_EIT_table,0x0000e856
1480,search_EIT_table,0x0000e822
1481,search_EIT_table,0x0000e826
1482,search_EIT_table,0x0000e82a
1483,search_EIT_table,0x0000e82c
1484,search_EIT_table,0x0000e830
1485,search_EIT_table,0x0000e832
1486,selfrel_offset31,0x0000e7fc
1487,selfrel_offset31,0x0000e7fe
1488,selfrel_offset31,0x0000e800
1489,selfrel_offset31,0x0000e802
1490,selfrel_offset31,0x0000e806
1491,selfrel_offset31,0x0000e80a
1492,selfrel_offset31,0x0000e80c
1493,search_EIT_table,0x0000e836
1494,search_EIT_table,0x0000e838
1495,search_EIT_table,0x0000e83a
1496,search_EIT_table,0x0000e83e
1497,search_EIT_table,0x0000e840
1498,search_EIT_table,0x0000e842
1499,search_EIT_table,0x0000e844
1500,search_EIT_table,0x0000e846
1501,search_EIT_table,0x0000e858
1502,search_EIT_table,0x0000e85a
1503,search_EIT_table,0x0000e85c
1504,search_EIT_table,0x0000e85e
1505,search_EIT_table,0x0000e822
1506,search_EIT_table,0x0000e826
1507,search_EIT_table,0x0000e82a
1508,search_EIT_table,0x0000e82c
1509,search_EIT_table,0x0000e830
1510,search_EIT_table,0x0000e832
1511,selfrel_offset31,0x0000e7fc
1512,selfrel_offset31,0x0000e7fe
1513,selfrel_offset31,0x0000e800
1514,selfrel_offset31,0x0000e802
1515,selfrel_offset31,0x0000e806
1516,selfrel_offset31,0x0000e80a
1517,selfrel_offset31,0x0000e80c
1518,search_EIT_table,0x0000e836
1519,search_EIT_table,0x0000e838
1520,search_EIT_table,0x0000e83a
1521,search_EIT_table,0x0000e83e
1522,search_EIT_table,0x0000e840
1523,search_EIT_table,0x0000e842
1524,search_EIT_table,0x0000e844
1525,search_EIT_table,0x0000e846
1526,search_EIT_table,0x0000e858
1527,search_EIT_table,0x0000e85a
1528,search_EIT_table,0x0000e85c
1529,search_EIT_table,0x0000e85e
1530,search_EIT_table,0x0000e822
1531,search_EIT_table,0x0000e826
1532,search_EIT_table,0x0000e82a
1533,search_EIT_table,0x0000e82c
1534,search_EIT_table,0x0000e830
1535,search_EIT_table,0x0000e832
1536,selfrel_offset31,0x0000e7fc
1537,selfrel_offset31,0x0000e7fe
1538,selfrel_offset31,0x0000e800
1539,selfrel_offset31,0x0000e802
1540,selfrel_offset31,0x0000e806
1541,selfrel_offset31,0x0000e80a
1542,selfrel_offset31,0x0000e80c
1543,search_EIT_table,0x0000e836
1544,search_EIT_table,0x0000e838
1545,search_EIT_table,0x0000e83a
1546,search_EIT_table,0x0000e83e
1547,search_EIT_table,0x0000e840
1548,search_EIT_table,0x0000e842
1549,search_EIT_table,0x0000e844
1550,search_EIT_table,0x0000e846
1551,search_EIT_table,0x0000e848
1552,selfrel_offset31,0x0000e7fc
1553,selfrel_offset31,0x0000e7fe
1554,selfrel_offset31,0x0000e800
1555,selfrel_offset31,0x0000e802
1556,selfrel_offset31,0x0000e806
1557,selfrel_offset31,0x0000e80a
1558,selfrel_offset31,0x0000e80c
1559,search_EIT_table,0x0000e84c
1560,search_EIT_table,0x0000e84e
1561,search_EIT_table,0x0000e850
1562,search_EIT_table,0x0000e864
1563,search_EIT_table,0x0000e866
1564,get_eit_entry,0x0000e8ba
1565,get_eit_entry,0x0000e8bc
1566,get_eit_entry,0x0000e8be
1567,selfrel_offset31,0x0000e7fc
1568,selfrel_offset31,0x0000e7fe
1569,selfrel_offset31,0x0000e800
1570,selfrel_offset31,0x0000e802
1571,selfrel_offset31,0x0000e806
1572,selfrel_offset31,0x0000e80a
1573,selfrel_offset31,0x0000e80c
1574,get_eit_entry,0x0000e8c2
1575,get_eit_entry,0x0000e8c4
1576,get_eit_entry,0x0000e8c6
1577,get_eit_entry,0x0000e8c8
1578,get_eit_entry,0x0000e8ca
1579,get_eit_entry,0x0000e8cc
1580,get_eit_entry,0x0000e8d0
1581,get_eit_entry,0x0000e8d2
1582,selfrel_offset31,0x0000e7fc
1583,selfrel_offset31,0x0000e7fe
1584,selfrel_offset31,0x0000e800
1585,selfrel_offset31,0x0000e802
1586,selfrel_offset31,0x0000e806
1587,selfrel_offset31,0x0000e80a
1588,selfrel_offset31,0x0000e80c
1589,get_eit_entry,0x0000e8d6
1590,get_eit_entry,0x0000e8d8
1591,get_eit_entry,0x0000e8da
1592,get_eit_entry,0x0000e8dc
1593,get_eit_entry,0x0000e8de
1594,get_eit_entry,0x0000e8e0
1595,get_eit_entry,0x0000e8e2
1596,selfrel_offset31,0x0000e7fc
1597,selfrel_offset31,0x0000e7fe
1598,selfrel_offset31,0x0000e800
1599,selfrel_offset31,0x0000e802
1600,selfrel_offset31,0x0000e806
1601,selfrel_offset31,0x0000e80a
1602,selfrel_offset31,0x0000e80c
1603,get_eit_entry,0x0000e8e6
1604,get_eit_entry,0x0000e8e8
1605,get_eit_entry,0x0000e8ea
1606,get_eit_entry,0x0000e8ec
1607,get_eit_entry,0x0000e8ee
1608,__gnu_Unwind_RaiseException,0x0000eaee
1609,__gnu_Unwind_RaiseException,0x0000eaf0
1610,__gnu_Unwind_RaiseException,0x0000ead8
1611,__gnu_Unwind_RaiseException,0x0000eada
1612,__gnu_Unwind_RaiseException,0x0000eadc
1613,__gnu_Unwind_RaiseException,0x0000eade
1614,__gxx_personality_v0,0x0000e0d0
1615,__gxx_personality_v0,0x0000e0d4
1616,__gxx_personality_v0,0x0000e0d8
1617,__gxx_personality_v0,0x0000e0da
1618,__gxx_personality_v0,0x0000e0dc
1619,__gxx_personality_v0,0x0000e0de
1620,__gxx_personality_v0,0x0000e0e0
1621,__gxx_personality_v0,0x0000e0e2
1622,__gxx_personality_v0,0x0000e0e4
1623,__gxx_personality_v0,0x0000e0e6
1624,__gxx_personality_v0,0x0000e0e8
1625,__gxx_personality_v0,0x0000e0fc
1626,__gxx_personality_v0,0x0000e0fe
1627,__gxx_personality_v0,0x0000e228
1628,__gxx_personality_v0,0x0000e22a
1629,__gxx_personality_v0,0x0000e22e
1630,__gxx_personality_v0,0x0000e230
1631,__gxx_personality_v0,0x0000e232
1632,__gxx_personality_v0,0x0000e234
1633,__gxx_personality_v0,0x0000e236
1634,__gxx_personality_v0,0x0000e238
1635,__gxx_personality_v0,0x0000e23a
1636,__gxx_personality_v0,0x0000e23c
1637,__gxx_personality_v0,0x0000e23e
1638,__gxx_personality_v0,0x0000e240
1639,__gxx_personality_v0,0x0000e242
1640,__gxx_personality_v0,0x0000e244
1641,_Unwind_VRS_Set,0x0000ebcc
1642,_Unwind_VRS_Set,0x0000ebce
1643,_Unwind_VRS_Set,0x0000ebd0
1644,_Unwind_VRS_Set,0x0000ebd2
1645,_Unwind_VRS_Set,0x0000ebd4
1646,_Unwind_VRS_Set,0x0000ebd6
1647,_Unwind_VRS_Set,0x0000ebd8
1648,_Unwind_VRS_Set,0x0000ebda
1649,_Unwind_VRS_Set,0x0000ebde
1650,_Unwind_VRS_Set,0x0000ebe0
1651,_Unwind_VRS_Set,0x0000ebe2
1652,_Unwind_VRS_Set,0x0000ebe4
1653,__gxx_personality_v0,0x0000e248
1654,__gxx_personality_v0,0x0000e12e
1655,__gxx_personality_v0,0x0000e130
1656,_Unwind_GetLanguageSpecificData,0x0000f6f8
1657,_Unwind_GetLanguageSpecificData,0x0000f6fa
1658,unwind__from_context,0x0000f3e8
1659,_Unwind_GetGR.constprop.0,0x0000f3cc
1660,_Unwind_GetGR.constprop.0,0x0000f3ce
1661,_Unwind_GetGR.constprop.0,0x0000f3d0
1662,_Unwind_GetGR.constprop.0,0x0000f3d2
1663,_Unwind_GetGR.constprop.0,0x0000f3d4
1664,_Unwind_GetGR.constprop.0,0x0000f3d6
1665,_Unwind_GetGR.constprop.0,0x0000f3d8
1666,_Unwind_GetGR.constprop.0,0x0000f3da
1667,_Unwind_VRS_Get,0x0000eb80
1668,_Unwind_VRS_Get,0x0000eb82
1669,_Unwind_VRS_Get,0x0000eb84
1670,_Unwind_VRS_Get,0x0000eb86
1671,_Unwind_VRS_Get,0x0000eb88
1672,_Unwind_VRS_Get,0x0000eb8a
1673,_Unwind_VRS_Get,0x0000eb8c
1674,_Unwind_VRS_Get,0x0000eb90
1675,_Unwind_VRS_Get,0x0000eb92
1676,_Unwind_VRS_Get,0x0000eb94
1677,_Unwind_VRS_Get,0x0000eb96
1678,_Unwind_VRS_Get,0x0000eb98
1679,_Unwind_GetGR.constprop.0,0x0000f3de
1680,_Unwind_GetGR.constprop.0,0x0000f3e0
1681,_Unwind_GetGR.constprop.0,0x0000f3e2
1682,_Unwind_GetLanguageSpecificData,0x0000f6fe
1683,_Unwind_GetLanguageSpecificData,0x0000f700
1684,_Unwind_GetLanguageSpecificData,0x0000f702
1685,_Unwind_GetLanguageSpecificData,0x0000f704
1686,_Unwind_GetLanguageSpecificData,0x0000f708
1687,__gxx_personality_v0,0x0000e134
1688,__gxx_personality_v0,0x0000e136
1689,__gxx_personality_v0,0x0000e138
1690,__gxx_personality_v0,0x0000e13a
1691,__gxx_personality_v0,0x0000e13c
1692,__gxx_personality_v0,0x0000e13e
1693,__gxx_personality_v0,0x0000e140
1694,parse_lsda_header(_Unwind_Context*, unsigned char const*, lsda_header_info*),0x0000e040
1695,parse_lsda_header(_Unwind_Context*, unsigned char const*, lsda_header_info*),0x0000e042
1696,parse_lsda_header(_Unwind_Context*, unsigned char const*, lsda_header_info*),0x0000e044
1697,parse_lsda_header(_Unwind_Context*, unsigned char const*, lsda_header_info*),0x0000e046
1698,parse_lsda_header(_Unwind_Context*, unsigned char const*, lsda_header_info*),0x0000e048
1699,parse_lsda_header(_Unwind_Context*, unsigned char const*, lsda_header_info*),0x0000e04a
1700,_Unwind_GetRegionStart,0x0000f6ec
1701,_Unwind_GetRegionStart,0x0000f6ee
1702,unwind__from_context,0x0000f3e8
1703,_Unwind_GetGR.constprop.0,0x0000f3cc
1704,_Unwind_GetGR.constprop.0,0x0000f3ce
1705,_Unwind_GetGR.constprop.0,0x0000f3d0
1706,_Unwind_GetGR.constprop.0,0x0000f3d2
1707,_Unwind_GetGR.constprop.0,0x0000f3d4
1708,_Unwind_GetGR.constprop.0,0x0000f3d6
1709,_Unwind_GetGR.constprop.0,0x0000f3d8
1710,_Unwind_GetGR.constprop.0,0x0000f3da
1711,_Unwind_VRS_Get,0x0000eb80
1712,_Unwind_VRS_Get,0x0000eb82
1713,_Unwind_VRS_Get,0x0000eb84
1714,_Unwind_VRS_Get,0x0000eb86
1715,_Unwind_VRS_Get,0x0000eb88
1716,_Unwind_VRS_Get,0x0000eb8a
1717,_Unwind_VRS_Get,0x0000eb8c
1718,_Unwind_VRS_Get,0x0000eb90
1719,_Unwind_VRS_Get,0x0000eb92
1720,_Unwind_VRS_Get,0x0000eb94
1721,_Unwind_VRS_Get,0x0000eb96
1722,_Unwind_VRS_Get,0x0000eb98
1723,_Unwind_GetGR.constprop.0,0x0000f3de
1724,_Unwind_GetGR.constprop.0,0x0000f3e0
1725,_Unwind_GetGR.constprop.0,0x0000f3e2
1726,_Unwind_GetRegionStart,0x0000f6f2
1727,_Unwind_GetRegionStart,0x0000f6f4
1728,parse_lsda_header(_Unwind_Context*, unsigned char const*, lsda_header_info*),0x0000e04e
1729,parse_lsda_header(_Unwind_Context*, unsigned char const*, lsda_header_info*),0x0000e050
1730,parse_lsda_header(_Unwind_Context*, unsigned char const*, lsda_header_info*),0x0000e054
1731,parse_lsda_header(_Unwind_Context*, unsigned char const*, lsda_header_info*),0x0000e056
1732,parse_lsda_header(_Unwind_Context*, unsigned char const*, lsda_header_info*),0x0000e058
1733,parse_lsda_header(_Unwind_Context*, unsigned char const*, lsda_header_info*),0x0000e05a
1734,parse_lsda_header(_Unwind_Context*, unsigned char const*, lsda_header_info*),0x0000e05c
1735,parse_lsda_header(_Unwind_Context*, unsigned char const*, lsda_header_info*),0x0000e060
1736,parse_lsda_header(_Unwind_Context*, unsigned char const*, lsda_header_info*),0x0000e062
1737,parse_lsda_header(_Unwind_Context*, unsigned char const*, lsda_header_info*),0x0000e0ca
1738,parse_lsda_header(_Unwind_Context*, unsigned char const*, lsda_header_info*),0x0000e0cc
1739,parse_lsda_header(_Unwind_Context*, unsigned char const*, lsda_header_info*),0x0000e0ce
1740,parse_lsda_header(_Unwind_Context*, unsigned char const*, lsda_header_info*),0x0000e084
1741,parse_lsda_header(_Unwind_Context*, unsigned char const*, lsda_header_info*),0x0000e086
1742,parse_lsda_header(_Unwind_Context*, unsigned char const*, lsda_header_info*),0x0000e08a
1743,parse_lsda_header(_Unwind_Context*, unsigned char const*, lsda_header_info*),0x0000e08c
1744,parse_lsda_header(_Unwind_Context*, unsigned char const*, lsda_header_info*),0x0000e08e
1745,parse_lsda_header(_Unwind_Context*, unsigned char const*, lsda_header_info*),0x0000e090
1746,parse_lsda_header(_Unwind_Context*, unsigned char const*, lsda_header_info*),0x0000e094
1747,parse_lsda_header(_Unwind_Context*, unsigned char const*, lsda_header_info*),0x0000e098
1748,parse_lsda_header(_Unwind_Context*, unsigned char const*, lsda_header_info*),0x0000e09a
1749,parse_lsda_header(_Unwind_Context*, unsigned char const*, lsda_header_info*),0x0000e09c
1750,parse_lsda_header(_Unwind_Context*, unsigned char const*, lsda_header_info*),0x0000e09e
1751,parse_lsda_header(_Unwind_Context*, unsigned char const*, lsda_header_info*),0x0000e0a2
1752,parse_lsda_header(_Unwind_Context*, unsigned char const*, lsda_header_info*),0x0000e0a4
1753,parse_lsda_header(_Unwind_Context*, unsigned char const*, lsda_header_info*),0x0000e0a6
1754,parse_lsda_header(_Unwind_Context*, unsigned char const*, lsda_header_info*),0x0000e0a8
1755,__gxx_personality_v0,0x0000e144
1756,__gxx_personality_v0,0x0000e148
1757,__gxx_personality_v0,0x0000e14a
1758,__gxx_personality_v0,0x0000e14c
1759,__gxx_personality_v0,0x0000e14e
1760,__gxx_personality_v0,0x0000e150
1761,base_of_encoded_value(unsigned char, _Unwind_Context*),0x0000dffc
1762,base_of_encoded_value(unsigned char, _Unwind_Context*),0x0000dffe
